document,company
99CentsOnlyStoresLlc_20131108_10-Q_EX-3.2.txt,99 Cents Only Stores LLC
99CentsOnlyStoresLlc_20131108_10-Q_EX-3.2.txt,Number Holdings Inc
AcadiaHealthcareCompanyInc_20140306_S-4_EX-3.20.txt,Austin Behavioral Hospital LLC
AcadiaHealthcareCompanyInc_20140306_S-4_EX-3.20.txt,Acadia Healthcare Company Inc
AcadiaHealthcareCompanyInc_20140306_S-4_EX-3.6.txt,Abilene Holding Company LLC
AcadiaHealthcareCompanyInc_20140306_S-4_EX-3.6.txt,Acadia Healthcare Company Inc
AcadiaHealthcareCompanyInc_20140306_S-4_EX-3.8.txt,Acadia Management Company LLC
AcadiaHealthcareCompanyInc_20140306_S-4_EX-3.8.txt,Acadia Healthcare Company Inc
AdvancedDrainageSystemsInc_20140606_S-1A_EX-10.24.txt,BaySaver Technologies LLC
AdvancedDrainageSystemsInc_20140606_S-1A_EX-10.24.txt,ADVANCED DRAINAGE SYSTEMS INC
AdvancedDrainageSystemsInc_20140606_S-1A_EX-10.24.txt,ADS Ventures Inc
AdvancedDrainageSystemsInc_20140606_S-1A_EX-10.24.txt,Mid Atlantic Storm Water Research Center Inc
AdvancedDrainageSystemsInc_20140606_S-1A_EX-10.24.txt,AccuBid Civil Construction Inc
AdvancedDrainageSystemsInc_20140606_S-1A_EX-10.24.txt,BaySaver Technologies Inc
AdvancedDrainageSystemsInc_20140606_S-1A_EX-10.24.txt,Highbank Advisors LLC
AdvancedDrainageSystemsInc_20140606_S-1A_EX-10.24.txt,Contech Engineering Solutions LLC
AmarkPreciousMetalsInc_20150210_10-Q_EX-10.1.txt,A-M Global Logistics LLC
AmarkPreciousMetalsInc_20150210_10-Q_EX-10.1.txt,A-MARK PRECIOUS METALS INC
AmcEntertainmentInc_20140401_S-4_EX-3.15.txt,Wanda AMC Releasing LLC
AmcEntertainmentInc_20140401_S-4_EX-3.15.txt,American Multi-Cinema Inc
AmcEntertainmentInc_20140401_S-4_EX-3.15.txt,AMC ENTERTAINMENT INC
ApxGroupHoldingsInc_20141218_S-4_EX-3.18.txt,Farmington IP LLC
ApxGroupHoldingsInc_20141218_S-4_EX-3.18.txt,IPR LLC
ApxGroupHoldingsInc_20141218_S-4_EX-3.18.txt,AP AL LLC
ApxGroupHoldingsInc_20141218_S-4_EX-3.18.txt,APX GROUP HOLDINGS INC
AtlasResourcePartnersLp_20131126_S-4A_EX-3.6.txt,ARP Barnett Pipeline LLC
AtlasResourcePartnersLp_20131126_S-4A_EX-3.6.txt,ARP Barnett LLC
AtrinsicInc_20140702_10-12G_EX-10.4.txt,MOMSPOT LLC
AtrinsicInc_20140702_10-12G_EX-10.4.txt,BE Global LLC
AtrinsicInc_20140702_10-12G_EX-10.4.txt,Atrinsic Inc
AvintivSpecialtyMaterialsInc_20150514_S-4_EX-3.14.txt,AVINTIV SPECIALTY MATERIALS INC
AvintivSpecialtyMaterialsInc_20150514_S-4_EX-3.14.txt,Old Hickory Steamworks LLC
AvintivSpecialtyMaterialsInc_20150514_S-4_EX-3.14.txt,Fiberweb Inc
AvivHealthcarePropertiesLp_20131031_S-4_EX-3.289.txt,Florida Four Properties LLC
AvivHealthcarePropertiesLp_20131031_S-4_EX-3.289.txt,AVIV Financing II LLC
AvivHealthcarePropertiesLp_20131031_S-4_EX-3.289.txt,AVIV REIT INC
AxiallCorpde_20140325_S-4_EX-3.10.txt,Georgia Gulf Chemicals & Vinyls LLC
AxiallCorpde_20140325_S-4_EX-3.10.txt,Georgia Gulf Corporation
AxiallCorpde_20140325_S-4_EX-3.10.txt,Axiall LLC
AxiallCorpde_20140325_S-4_EX-3.10.txt,Axiall Holdco Inc
AxiallCorpde_20140325_S-4_EX-3.16.txt,Eagle Natrium LLC
AxiallCorpde_20140325_S-4_EX-3.16.txt,PPG Industries Inc
AxiallCorpde_20140325_S-4_EX-3.16.txt,Axiall Ohio Inc
BerryPetroleumCompanyLlc_20131220_8-K_EX-3.2.txt,Berry Petroleum Company LLC
BerryPetroleumCompanyLlc_20131220_8-K_EX-3.2.txt,Bacchus HoldCo Inc
BluerockResidentialGrowthReitInc_20140813_10-Q_EX-10.12.txt,BR Oak Crest Villas LLC
BluerockResidentialGrowthReitInc_20140813_10-Q_EX-10.12.txt,Bluerock Special Opportunity + Income Fund II LLC
BluerockResidentialGrowthReitInc_20140813_10-Q_EX-10.12.txt,BLUEROCK RESIDENTIAL GROWTH REIT INC
BluerockResidentialGrowthReitInc_20140813_10-Q_EX-10.12.txt,BR SOIF II MANAGER LLC
BrookstoneHoldingsCorp_20140620_T-3_EX-99.T3B.7.txt,Big Blue Audio LLC
BrookstoneHoldingsCorp_20140620_T-3_EX-99.T3B.7.txt,Brookstone Holdings Inc
CaliforniaResourcesCorp_20150312_S-4_EX-3.23.txt,OXY Wilmington LLC
CaliforniaResourcesCorp_20150312_S-4_EX-3.23.txt,OXY Tidelands Inc
CardtronicsInc_20150605_S-4_EX-3.13.txt,ATM National LLC
CardtronicsInc_20150605_S-4_EX-3.13.txt,Cardtronics Inc
CashAmericaInternationalInc_20131112_S-4_EX-3.9.txt,AEL Net Marketing LLC
CashAmericaInternationalInc_20131112_S-4_EX-3.9.txt,Cash America Net Holdings LLC
CashAmericaInternationalInc_20131112_S-4_EX-3.9.txt,Capitol Services Inc
CashAmericaInternationalInc_20131112_S-4_EX-3.9.txt,CASH AMERICA INTERNATIONAL INC
